package_name,destination,slug,status,local_image,is_featured,is_active,hero_prompt
"Kashmir Highlights Tour",Kashmir,kashmir-kashmir-highlights-tour-5d4n,"Ready (local)","/images/packages/kashmir-kashmir-highlights-tour-5d4n-v1.png",false,true,"Create a photorealistic holiday package HERO image for \"Kashmir Highlights Tour\" — 5-day / 4-night Kashmir package, India. Scene: scenic highlights of Dal Lake shikara, snow Himalayas, Gulmarg meadows, Pahalgam valley. Wide cinematic landscape, premium travel brochure mood. YatraNexus brand: navy #2D235F, orange #D86417. Photorealistic travel photography, no text, no watermark, no logo. Keep left third softer/clear for headline overlay. Technical: 16:9 1920×1080. Save as: public/images/packages/kashmir-kashmir-highlights-tour-5d4n-hero.png"
"Kashmir Family Tour Package",Kashmir,kashmir-kashmir-family-tour-package-5d4n,"Ready (local)","/images/packages/kashmir-kashmir-family-tour-package-5d4n-v1.png",false,true,"Create a photorealistic holiday package HERO image for \"Kashmir Family Tour Package\" — 5-day / 4-night Kashmir package, India. Scene: family-friendly Dal Lake shikara, snow Himalayas, Gulmarg meadows, Pahalgam valley, cheerful safe travel. Wide cinematic landscape, premium travel brochure mood. YatraNexus brand: navy #2D235F, orange #D86417. Photorealistic travel photography, no text, no watermark, no logo. Keep left third softer/clear for headline overlay. Technical: 16:9 1920×1080. Save as: public/images/packages/kashmir-kashmir-family-tour-package-5d4n-hero.png"
"Kashmir Honeymoon Package",Kashmir,kashmir-kashmir-honeymoon-package-6d5n,"Ready (local)","/images/packages/kashmir-kashmir-honeymoon-package-6d5n-v1.png",false,true,"Create a photorealistic holiday package HERO image for \"Kashmir Honeymoon Package\" — 6-day / 5-night Kashmir package, India. Scene: romantic Dal Lake shikara, snow Himalayas, Gulmarg meadows, Pahalgam valley, intimate luxury mood. Wide cinematic landscape, premium travel brochure mood. YatraNexus brand: navy #2D235F, orange #D86417. Photorealistic travel photography, no text, no watermark, no logo. Keep left third softer/clear for headline overlay. Technical: 16:9 1920×1080. Save as: public/images/packages/kashmir-kashmir-honeymoon-package-6d5n-hero.png"
"Vaishno Devi with Kashmir Tour",Kashmir,kashmir-vaishno-devi-with-kashmir-tour-6d5n,"Ready (local)","/images/packages/kashmir-vaishno-devi-with-kashmir-tour-6d5n-v1.png",false,true,"Create a photorealistic holiday package HERO image for \"Vaishno Devi with Kashmir Tour\" — 6-day / 5-night Kashmir package, India. Scene: spiritual pilgrimage Dal Lake shikara, snow Himalayas, Gulmarg meadows, Pahalgam valley, respectful reverent mood. Wide cinematic landscape, premium travel brochure mood. YatraNexus brand: navy #2D235F, orange #D86417. Photorealistic travel photography, no text, no watermark, no logo. Keep left third softer/clear for headline overlay. Technical: 16:9 1920×1080. Save as: public/images/packages/kashmir-vaishno-devi-with-kashmir-tour-6d5n-hero.png"
"Amritsar Jammu Kashmir Tour",Kashmir,kashmir-amritsar-jammu-kashmir-tour-7d6n,"Ready (local)","/images/packages/kashmir-amritsar-jammu-kashmir-tour-7d6n-v1.png",false,true,"Create a photorealistic holiday package HERO image for \"Amritsar Jammu Kashmir Tour\" — 7-day / 6-night Kashmir package, India. Scene: scenic highlights of Dal Lake shikara, snow Himalayas, Gulmarg meadows, Pahalgam valley. Wide cinematic landscape, premium travel brochure mood. YatraNexus brand: navy #2D235F, orange #D86417. Photorealistic travel photography, no text, no watermark, no logo. Keep left third softer/clear for headline overlay. Technical: 16:9 1920×1080. Save as: public/images/packages/kashmir-amritsar-jammu-kashmir-tour-7d6n-hero.png"
"Premium Kashmir Honeymoon with Vaishno Devi",Kashmir,kashmir-premium-kashmir-honeymoon-with-vaishno-devi-9d8n,"Ready (local)","/images/packages/kashmir-premium-kashmir-honeymoon-with-vaishno-devi-9d8n-v1.png",false,true,"Create a photorealistic holiday package HERO image for \"Premium Kashmir Honeymoon with Vaishno Devi\" — 9-day / 8-night Kashmir package, India. Scene: romantic Dal Lake shikara, snow Himalayas, Gulmarg meadows, Pahalgam valley, intimate luxury mood. Wide cinematic landscape, premium travel brochure mood. YatraNexus brand: navy #2D235F, orange #D86417. Photorealistic travel photography, no text, no watermark, no logo. Keep left third softer/clear for headline overlay. Technical: 16:9 1920×1080. Save as: public/images/packages/kashmir-premium-kashmir-honeymoon-with-vaishno-devi-9d8n-hero.png"
"Chennai – Mahabalipuram – Pondicherry Coastal Escape",Tamil Nadu,tamil-nadu-chennai-mahabalipuram-pondicherry-coastal-escape-4d3n,"Ready (local)","/images/banners/Chennai – Mahabalipuram – Pondicherry Coastal Escape.png",false,true,"Create a photorealistic holiday package HERO image for \"Chennai – Mahabalipuram – Pondicherry Coastal Escape\" — 4-day / 3-night Tamil Nadu package, India. Scene: coastal beaches Meenakshi Temple Madurai, Mahabalipuram Shore Temple, Kanyakumari sunset. Wide cinematic landscape, premium travel brochure mood. YatraNexus brand: navy #2D235F, orange #D86417. Photorealistic travel photography, no text, no watermark, no logo. Keep left third softer/clear for headline overlay. Technical: 16:9 1920×1080. Save as: public/images/packages/tamil-nadu-chennai-mahabalipuram-pondicherry-coastal-escape-4d3n-hero.png"
"Madurai – Rameswaram – Kanyakumari Pilgrimage Tour",Tamil Nadu,tamil-nadu-madurai-rameswaram-kanyakumari-pilgrimage-tour-5d4n,"Ready (local)","/images/banners/Madurai – Rameswaram – Kanyakumari Pilgrimage Tour.png",false,true,"Create a photorealistic holiday package HERO image for \"Madurai – Rameswaram – Kanyakumari Pilgrimage Tour\" — 5-day / 4-night Tamil Nadu package, India. Scene: spiritual pilgrimage Meenakshi Temple Madurai, Mahabalipuram Shore Temple, Kanyakumari sunset, respectful reverent mood. Wide cinematic landscape, premium travel brochure mood. YatraNexus brand: navy #2D235F, orange #D86417. Photorealistic travel photography, no text, no watermark, no logo. Keep left third softer/clear for headline overlay. Technical: 16:9 1920×1080. Save as: public/images/packages/tamil-nadu-madurai-rameswaram-kanyakumari-pilgrimage-tour-5d4n-hero.png"
"Ooty – Coonoor – Madurai Heritage Escape",Tamil Nadu,tamil-nadu-ooty-coonoor-madurai-heritage-escape-6d5n,"Ready (local)","/images/packages/tamil-nadu-ooty-coonoor-madurai-heritage-escape-6d5n-v1.png",false,true,"Create a photorealistic holiday package HERO image for \"Ooty – Coonoor – Madurai Heritage Escape\" — 6-day / 5-night Tamil Nadu package, India. Scene: heritage circuit Meenakshi Temple Madurai, Mahabalipuram Shore Temple, Kanyakumari sunset. Wide cinematic landscape, premium travel brochure mood. YatraNexus brand: navy #2D235F, orange #D86417. Photorealistic travel photography, no text, no watermark, no logo. Keep left third softer/clear for headline overlay. Technical: 16:9 1920×1080. Save as: public/images/packages/tamil-nadu-ooty-coonoor-madurai-heritage-escape-6d5n-hero.png"
"Chennai – Kanchipuram – Mahabalipuram Heritage Tour",Tamil Nadu,tamil-nadu-chennai-kanchipuram-mahabalipuram-heritage-tour-4d3n,"Ready (local)","/images/banners/Chennai – Kanchipuram – Mahabalipuram Heritage Tour.png",false,true,"Create a photorealistic holiday package HERO image for \"Chennai – Kanchipuram – Mahabalipuram Heritage Tour\" — 4-day / 3-night Tamil Nadu package, India. Scene: heritage circuit Meenakshi Temple Madurai, Mahabalipuram Shore Temple, Kanyakumari sunset. Wide cinematic landscape, premium travel brochure mood. YatraNexus brand: navy #2D235F, orange #D86417. Photorealistic travel photography, no text, no watermark, no logo. Keep left third softer/clear for headline overlay. Technical: 16:9 1920×1080. Save as: public/images/packages/tamil-nadu-chennai-kanchipuram-mahabalipuram-heritage-tour-4d3n-hero.png"
"Ooty – Madurai Family Getaway",Tamil Nadu,tamil-nadu-ooty-madurai-family-getaway-5d4n,"Ready (local)","/images/banners/Ooty – Madurai Family Getaway.png",false,true,"Create a photorealistic holiday package HERO image for \"Ooty – Madurai Family Getaway\" — 5-day / 4-night Tamil Nadu package, India. Scene: family-friendly Meenakshi Temple Madurai, Mahabalipuram Shore Temple, Kanyakumari sunset, cheerful safe travel. Wide cinematic landscape, premium travel brochure mood. YatraNexus brand: navy #2D235F, orange #D86417. Photorealistic travel photography, no text, no watermark, no logo. Keep left third softer/clear for headline overlay. Technical: 16:9 1920×1080. Save as: public/images/packages/tamil-nadu-ooty-madurai-family-getaway-5d4n-hero.png"
"⭐ Complete Tamil Nadu Grand Tour",Tamil Nadu,tamil-nadu-complete-tamil-nadu-grand-tour-7d6n,"Stock Unsplash only","",false,true,"Create a photorealistic holiday package HERO image for \"⭐ Complete Tamil Nadu Grand Tour\" — 7-day / 6-night Tamil Nadu package, India. Scene: heritage circuit Meenakshi Temple Madurai, Mahabalipuram Shore Temple, Kanyakumari sunset. Wide cinematic landscape, premium travel brochure mood. YatraNexus brand: navy #2D235F, orange #D86417. Photorealistic travel photography, no text, no watermark, no logo. Keep left third softer/clear for headline overlay. Technical: 16:9 1920×1080. Save as: public/images/packages/tamil-nadu-complete-tamil-nadu-grand-tour-7d6n-hero.png"
"Munnar Tea Hills Escape",Kerala,kerala-munnar-tea-hills-escape-4d3n,"Ready (local)","/images/banners/Munnar Tea Hills Escape.png",false,true,"Create a photorealistic holiday package HERO image for \"Munnar Tea Hills Escape\" — 4-day / 3-night Kerala package, India. Scene: scenic highlights of Alleppey houseboat backwaters, Munnar tea hills, coconut palms. Wide cinematic landscape, premium travel brochure mood. YatraNexus brand: navy #2D235F, orange #D86417. Photorealistic travel photography, no text, no watermark, no logo. Keep left third softer/clear for headline overlay. Technical: 16:9 1920×1080. Save as: public/images/packages/kerala-munnar-tea-hills-escape-4d3n-hero.png"
"Munnar – Thekkady – Alleppey Honeymoon Tour",Kerala,kerala-munnar-thekkady-alleppey-honeymoon-tour-5d4n,"Stock Unsplash only","",false,true,"Create a photorealistic holiday package HERO image for \"Munnar – Thekkady – Alleppey Honeymoon Tour\" — 5-day / 4-night Kerala package, India. Scene: romantic Alleppey houseboat backwaters, Munnar tea hills, coconut palms, intimate luxury mood. Wide cinematic landscape, premium travel brochure mood. YatraNexus brand: navy #2D235F, orange #D86417. Photorealistic travel photography, no text, no watermark, no logo. Keep left third softer/clear for headline overlay. Technical: 16:9 1920×1080. Save as: public/images/packages/kerala-munnar-thekkady-alleppey-honeymoon-tour-5d4n-hero.png"
"‍‍‍ Kerala Family Holiday",Kerala,kerala-kerala-family-holiday-6d5n,"Ready (local)","/images/banners/‍‍‍ Kerala Family Holiday.png",false,true,"Create a photorealistic holiday package HERO image for \"‍‍‍ Kerala Family Holiday\" — 6-day / 5-night Kerala package, India. Scene: family-friendly Alleppey houseboat backwaters, Munnar tea hills, coconut palms, cheerful safe travel. Wide cinematic landscape, premium travel brochure mood. YatraNexus brand: navy #2D235F, orange #D86417. Photorealistic travel photography, no text, no watermark, no logo. Keep left third softer/clear for headline overlay. Technical: 16:9 1920×1080. Save as: public/images/packages/kerala-kerala-family-holiday-6d5n-hero.png"
"Kerala Backwaters & Beaches Tour",Kerala,kerala-kerala-backwaters-beaches-tour-6d5n,"Ready (local)","/images/packages/Kerala Backwaters & Beaches Tour.png",false,true,"Create a photorealistic holiday package HERO image for \"Kerala Backwaters & Beaches Tour\" — 6-day / 5-night Kerala package, India. Scene: coastal beaches Alleppey houseboat backwaters, Munnar tea hills, coconut palms. Wide cinematic landscape, premium travel brochure mood. YatraNexus brand: navy #2D235F, orange #D86417. Photorealistic travel photography, no text, no watermark, no logo. Keep left third softer/clear for headline overlay. Technical: 16:9 1920×1080. Save as: public/images/packages/kerala-kerala-backwaters-beaches-tour-6d5n-hero.png"
"Wayanad Nature & Adventure Tour",Kerala,kerala-wayanad-nature-adventure-tour-6d5n,"Ready (local)","/images/packages/Wayanad Nature & Adventure Tour.png",false,true,"Create a photorealistic holiday package HERO image for \"Wayanad Nature & Adventure Tour\" — 6-day / 5-night Kerala package, India. Scene: adventure Alleppey houseboat backwaters, Munnar tea hills, coconut palms, thrilling outdoor. Wide cinematic landscape, premium travel brochure mood. YatraNexus brand: navy #2D235F, orange #D86417. Photorealistic travel photography, no text, no watermark, no logo. Keep left third softer/clear for headline overlay. Technical: 16:9 1920×1080. Save as: public/images/packages/kerala-wayanad-nature-adventure-tour-6d5n-hero.png"
"Complete Kerala & Kanyakumari Grand Tour",Kerala,kerala-complete-kerala-kanyakumari-grand-tour-9d8n,"Stock Unsplash only","",false,true,"Create a photorealistic holiday package HERO image for \"Complete Kerala & Kanyakumari Grand Tour\" — 9-day / 8-night Kerala package, India. Scene: heritage circuit Alleppey houseboat backwaters, Munnar tea hills, coconut palms. Wide cinematic landscape, premium travel brochure mood. YatraNexus brand: navy #2D235F, orange #D86417. Photorealistic travel photography, no text, no watermark, no logo. Keep left third softer/clear for headline overlay. Technical: 16:9 1920×1080. Save as: public/images/packages/kerala-complete-kerala-kanyakumari-grand-tour-9d8n-hero.png"
"Kaziranga Wildlife Escape",North East India,northeast-kaziranga-wildlife-escape-4d3n,"Stock Unsplash only","",false,true,"Create a photorealistic holiday package HERO image for \"Kaziranga Wildlife Escape\" — 4-day / 3-night North East India package, India. Scene: wildlife safari living root bridges, Kaziranga, misty hills, tribal culture. Wide cinematic landscape, premium travel brochure mood. YatraNexus brand: navy #2D235F, orange #D86417. Photorealistic travel photography, no text, no watermark, no logo. Keep left third softer/clear for headline overlay. Technical: 16:9 1920×1080. Save as: public/images/packages/northeast-kaziranga-wildlife-escape-4d3n-hero.png"
"Guwahati & Kaziranga Tour",North East India,northeast-guwahati-kaziranga-tour-5d4n,"Stock Unsplash only","",false,true,"Create a photorealistic holiday package HERO image for \"Guwahati & Kaziranga Tour\" — 5-day / 4-night North East India package, India. Scene: scenic highlights of living root bridges, Kaziranga, misty hills, tribal culture. Wide cinematic landscape, premium travel brochure mood. YatraNexus brand: navy #2D235F, orange #D86417. Photorealistic travel photography, no text, no watermark, no logo. Keep left third softer/clear for headline overlay. Technical: 16:9 1920×1080. Save as: public/images/packages/northeast-guwahati-kaziranga-tour-5d4n-hero.png"
"Complete Assam Explorer",North East India,northeast-complete-assam-explorer-7d6n,"Stock Unsplash only","",false,true,"Create a photorealistic holiday package HERO image for \"Complete Assam Explorer\" — 7-day / 6-night North East India package, India. Scene: scenic highlights of living root bridges, Kaziranga, misty hills, tribal culture. Wide cinematic landscape, premium travel brochure mood. YatraNexus brand: navy #2D235F, orange #D86417. Photorealistic travel photography, no text, no watermark, no logo. Keep left third softer/clear for headline overlay. Technical: 16:9 1920×1080. Save as: public/images/packages/northeast-complete-assam-explorer-7d6n-hero.png"
"Shillong & Cherrapunji Escape",North East India,northeast-shillong-cherrapunji-escape-4d3n,"Stock Unsplash only","",false,true,"Create a photorealistic holiday package HERO image for \"Shillong & Cherrapunji Escape\" — 4-day / 3-night North East India package, India. Scene: scenic highlights of living root bridges, Kaziranga, misty hills, tribal culture. Wide cinematic landscape, premium travel brochure mood. YatraNexus brand: navy #2D235F, orange #D86417. Photorealistic travel photography, no text, no watermark, no logo. Keep left third softer/clear for headline overlay. Technical: 16:9 1920×1080. Save as: public/images/packages/northeast-shillong-cherrapunji-escape-4d3n-hero.png"
"Meghalaya Nature Adventure",North East India,northeast-meghalaya-nature-adventure-5d4n,"Stock Unsplash only","",false,true,"Create a photorealistic holiday package HERO image for \"Meghalaya Nature Adventure\" — 5-day / 4-night North East India package, India. Scene: adventure living root bridges, Kaziranga, misty hills, tribal culture, thrilling outdoor. Wide cinematic landscape, premium travel brochure mood. YatraNexus brand: navy #2D235F, orange #D86417. Photorealistic travel photography, no text, no watermark, no logo. Keep left third softer/clear for headline overlay. Technical: 16:9 1920×1080. Save as: public/images/packages/northeast-meghalaya-nature-adventure-5d4n-hero.png"
"Complete Meghalaya Explorer",North East India,northeast-complete-meghalaya-explorer-6d5n,"Stock Unsplash only","",false,true,"Create a photorealistic holiday package HERO image for \"Complete Meghalaya Explorer\" — 6-day / 5-night North East India package, India. Scene: scenic highlights of living root bridges, Kaziranga, misty hills, tribal culture. Wide cinematic landscape, premium travel brochure mood. YatraNexus brand: navy #2D235F, orange #D86417. Photorealistic travel photography, no text, no watermark, no logo. Keep left third softer/clear for headline overlay. Technical: 16:9 1920×1080. Save as: public/images/packages/northeast-complete-meghalaya-explorer-6d5n-hero.png"
"Gangtok Delight",North East India,northeast-gangtok-delight-4d3n,"Stock Unsplash only","",false,true,"Create a photorealistic holiday package HERO image for \"Gangtok Delight\" — 4-day / 3-night North East India package, India. Scene: scenic highlights of living root bridges, Kaziranga, misty hills, tribal culture. Wide cinematic landscape, premium travel brochure mood. YatraNexus brand: navy #2D235F, orange #D86417. Photorealistic travel photography, no text, no watermark, no logo. Keep left third softer/clear for headline overlay. Technical: 16:9 1920×1080. Save as: public/images/packages/northeast-gangtok-delight-4d3n-hero.png"
"Gangtok & North Sikkim Adventure",North East India,northeast-gangtok-north-sikkim-adventure-6d5n,"Stock Unsplash only","",false,true,"Create a photorealistic holiday package HERO image for \"Gangtok & North Sikkim Adventure\" — 6-day / 5-night North East India package, India. Scene: adventure living root bridges, Kaziranga, misty hills, tribal culture, thrilling outdoor. Wide cinematic landscape, premium travel brochure mood. YatraNexus brand: navy #2D235F, orange #D86417. Photorealistic travel photography, no text, no watermark, no logo. Keep left third softer/clear for headline overlay. Technical: 16:9 1920×1080. Save as: public/images/packages/northeast-gangtok-north-sikkim-adventure-6d5n-hero.png"
"⭐ Complete Sikkim Explorer (Featured Package)",North East India,northeast-complete-sikkim-explorer-featured-package-7d6n,"Stock Unsplash only","",false,true,"Create a photorealistic holiday package HERO image for \"⭐ Complete Sikkim Explorer (Featured Package)\" — 7-day / 6-night North East India package, India. Scene: scenic highlights of living root bridges, Kaziranga, misty hills, tribal culture. Wide cinematic landscape, premium travel brochure mood. YatraNexus brand: navy #2D235F, orange #D86417. Photorealistic travel photography, no text, no watermark, no logo. Keep left third softer/clear for headline overlay. Technical: 16:9 1920×1080. Save as: public/images/packages/northeast-complete-sikkim-explorer-featured-package-7d6n-hero.png"
"Tawang Escape",North East India,northeast-tawang-escape-5d4n,"Stock Unsplash only","",false,true,"Create a photorealistic holiday package HERO image for \"Tawang Escape\" — 5-day / 4-night North East India package, India. Scene: scenic highlights of living root bridges, Kaziranga, misty hills, tribal culture. Wide cinematic landscape, premium travel brochure mood. YatraNexus brand: navy #2D235F, orange #D86417. Photorealistic travel photography, no text, no watermark, no logo. Keep left third softer/clear for headline overlay. Technical: 16:9 1920×1080. Save as: public/images/packages/northeast-tawang-escape-5d4n-hero.png"
"Dirang – Bomdila – Tawang Tour",North East India,northeast-dirang-bomdila-tawang-tour-6d5n,"Stock Unsplash only","",false,true,"Create a photorealistic holiday package HERO image for \"Dirang – Bomdila – Tawang Tour\" — 6-day / 5-night North East India package, India. Scene: scenic highlights of living root bridges, Kaziranga, misty hills, tribal culture. Wide cinematic landscape, premium travel brochure mood. YatraNexus brand: navy #2D235F, orange #D86417. Photorealistic travel photography, no text, no watermark, no logo. Keep left third softer/clear for headline overlay. Technical: 16:9 1920×1080. Save as: public/images/packages/northeast-dirang-bomdila-tawang-tour-6d5n-hero.png"
"⭐ Complete Arunachal Explorer (Featured Package)",North East India,northeast-complete-arunachal-explorer-featured-package-7d6n,"Stock Unsplash only","",false,true,"Create a photorealistic holiday package HERO image for \"⭐ Complete Arunachal Explorer (Featured Package)\" — 7-day / 6-night North East India package, India. Scene: scenic highlights of living root bridges, Kaziranga, misty hills, tribal culture. Wide cinematic landscape, premium travel brochure mood. YatraNexus brand: navy #2D235F, orange #D86417. Photorealistic travel photography, no text, no watermark, no logo. Keep left third softer/clear for headline overlay. Technical: 16:9 1920×1080. Save as: public/images/packages/northeast-complete-arunachal-explorer-featured-package-7d6n-hero.png"
"Seven Sisters Highlights",North East India,northeast-seven-sisters-highlights-7d6n,"Stock Unsplash only","",false,true,"Create a photorealistic holiday package HERO image for \"Seven Sisters Highlights\" — 7-day / 6-night North East India package, India. Scene: scenic highlights of living root bridges, Kaziranga, misty hills, tribal culture. Wide cinematic landscape, premium travel brochure mood. YatraNexus brand: navy #2D235F, orange #D86417. Photorealistic travel photography, no text, no watermark, no logo. Keep left third softer/clear for headline overlay. Technical: 16:9 1920×1080. Save as: public/images/packages/northeast-seven-sisters-highlights-7d6n-hero.png"
"Eastern Himalaya Explorer",North East India,northeast-eastern-himalaya-explorer-8d7n,"Stock Unsplash only","",false,true,"Create a photorealistic holiday package HERO image for \"Eastern Himalaya Explorer\" — 8-day / 7-night North East India package, India. Scene: scenic highlights of living root bridges, Kaziranga, misty hills, tribal culture. Wide cinematic landscape, premium travel brochure mood. YatraNexus brand: navy #2D235F, orange #D86417. Photorealistic travel photography, no text, no watermark, no logo. Keep left third softer/clear for headline overlay. Technical: 16:9 1920×1080. Save as: public/images/packages/northeast-eastern-himalaya-explorer-8d7n-hero.png"
"⭐ Complete North East Grand Tour (Featured Package)",North East India,northeast-complete-north-east-grand-tour-featured-package-11d10n,"Stock Unsplash only","",false,true,"Create a photorealistic holiday package HERO image for \"⭐ Complete North East Grand Tour (Featured Package)\" — 11-day / 10-night North East India package, India. Scene: heritage circuit living root bridges, Kaziranga, misty hills, tribal culture. Wide cinematic landscape, premium travel brochure mood. YatraNexus brand: navy #2D235F, orange #D86417. Photorealistic travel photography, no text, no watermark, no logo. Keep left third softer/clear for headline overlay. Technical: 16:9 1920×1080. Save as: public/images/packages/northeast-complete-north-east-grand-tour-featured-package-11d10n-hero.png"
"Ujjain Spiritual Tour Package",Madhya Pradesh,madhya-pradesh-ujjain-spiritual-tour-package-3d2n,"Stock Unsplash only","",false,true,"Create a photorealistic holiday package HERO image for \"Ujjain Spiritual Tour Package\" — 3-day / 2-night Madhya Pradesh package, India. Scene: scenic highlights of Khajuraho temples, wildlife safari, marble rocks. Wide cinematic landscape, premium travel brochure mood. YatraNexus brand: navy #2D235F, orange #D86417. Photorealistic travel photography, no text, no watermark, no logo. Keep left third softer/clear for headline overlay. Technical: 16:9 1920×1080. Save as: public/images/packages/madhya-pradesh-ujjain-spiritual-tour-package-3d2n-hero.png"
"Ujjain & Omkareshwar Tour Package",Madhya Pradesh,madhya-pradesh-ujjain-omkareshwar-tour-package-4d3n,"Stock Unsplash only","",false,true,"Create a photorealistic holiday package HERO image for \"Ujjain & Omkareshwar Tour Package\" — 4-day / 3-night Madhya Pradesh package, India. Scene: scenic highlights of Khajuraho temples, wildlife safari, marble rocks. Wide cinematic landscape, premium travel brochure mood. YatraNexus brand: navy #2D235F, orange #D86417. Photorealistic travel photography, no text, no watermark, no logo. Keep left third softer/clear for headline overlay. Technical: 16:9 1920×1080. Save as: public/images/packages/madhya-pradesh-ujjain-omkareshwar-tour-package-4d3n-hero.png"
"Bandhavgarh & Jabalpur Tour Package",Madhya Pradesh,madhya-pradesh-bandhavgarh-jabalpur-tour-package-5d4n,"Stock Unsplash only","",false,true,"Create a photorealistic holiday package HERO image for \"Bandhavgarh & Jabalpur Tour Package\" — 5-day / 4-night Madhya Pradesh package, India. Scene: scenic highlights of Khajuraho temples, wildlife safari, marble rocks. Wide cinematic landscape, premium travel brochure mood. YatraNexus brand: navy #2D235F, orange #D86417. Photorealistic travel photography, no text, no watermark, no logo. Keep left third softer/clear for headline overlay. Technical: 16:9 1920×1080. Save as: public/images/packages/madhya-pradesh-bandhavgarh-jabalpur-tour-package-5d4n-hero.png"
"Bandhavgarh & Kanha Wildlife Tour",Madhya Pradesh,madhya-pradesh-bandhavgarh-kanha-wildlife-tour-6d5n,"Stock Unsplash only","",false,true,"Create a photorealistic holiday package HERO image for \"Bandhavgarh & Kanha Wildlife Tour\" — 6-day / 5-night Madhya Pradesh package, India. Scene: wildlife safari Khajuraho temples, wildlife safari, marble rocks. Wide cinematic landscape, premium travel brochure mood. YatraNexus brand: navy #2D235F, orange #D86417. Photorealistic travel photography, no text, no watermark, no logo. Keep left third softer/clear for headline overlay. Technical: 16:9 1920×1080. Save as: public/images/packages/madhya-pradesh-bandhavgarh-kanha-wildlife-tour-6d5n-hero.png"
"Leh – Nubra Valley – Pangong Lake Tour",Ladakh,ladakh-leh-nubra-valley-pangong-lake-tour-7d6n,"Stock Unsplash only","",false,true,"Create a photorealistic holiday package HERO image for \"Leh – Nubra Valley – Pangong Lake Tour\" — 7-day / 6-night Ladakh package, India. Scene: scenic highlights of high-altitude desert, monasteries, Pangong blue lake. Wide cinematic landscape, premium travel brochure mood. YatraNexus brand: navy #2D235F, orange #D86417. Photorealistic travel photography, no text, no watermark, no logo. Keep left third softer/clear for headline overlay. Technical: 16:9 1920×1080. Save as: public/images/packages/ladakh-leh-nubra-valley-pangong-lake-tour-7d6n-hero.png"
"Complete Ladakh Adventure Tour",Ladakh,ladakh-complete-ladakh-adventure-tour-8d7n,"Stock Unsplash only","",false,true,"Create a photorealistic holiday package HERO image for \"Complete Ladakh Adventure Tour\" — 8-day / 7-night Ladakh package, India. Scene: adventure high-altitude desert, monasteries, Pangong blue lake, thrilling outdoor. Wide cinematic landscape, premium travel brochure mood. YatraNexus brand: navy #2D235F, orange #D86417. Photorealistic travel photography, no text, no watermark, no logo. Keep left third softer/clear for headline overlay. Technical: 16:9 1920×1080. Save as: public/images/packages/ladakh-complete-ladakh-adventure-tour-8d7n-hero.png"
"Srinagar – Kargil – Leh Road Trip",Ladakh,ladakh-srinagar-kargil-leh-road-trip-8d7n,"Stock Unsplash only","",false,true,"Create a photorealistic holiday package HERO image for \"Srinagar – Kargil – Leh Road Trip\" — 8-day / 7-night Ladakh package, India. Scene: scenic highlights of high-altitude desert, monasteries, Pangong blue lake. Wide cinematic landscape, premium travel brochure mood. YatraNexus brand: navy #2D235F, orange #D86417. Photorealistic travel photography, no text, no watermark, no logo. Keep left third softer/clear for headline overlay. Technical: 16:9 1920×1080. Save as: public/images/packages/ladakh-srinagar-kargil-leh-road-trip-8d7n-hero.png"
"Delhi – Manali – Leh Expedition",Ladakh,ladakh-delhi-manali-leh-expedition-10d9n,"Stock Unsplash only","",false,true,"Create a photorealistic holiday package HERO image for \"Delhi – Manali – Leh Expedition\" — 10-day / 9-night Ladakh package, India. Scene: scenic highlights of high-altitude desert, monasteries, Pangong blue lake. Wide cinematic landscape, premium travel brochure mood. YatraNexus brand: navy #2D235F, orange #D86417. Photorealistic travel photography, no text, no watermark, no logo. Keep left third softer/clear for headline overlay. Technical: 16:9 1920×1080. Save as: public/images/packages/ladakh-delhi-manali-leh-expedition-10d9n-hero.png"
"Shimla Manali Tour Package",Himachal Pradesh,himachal-shimla-manali-tour-package-6d5n,"Stock Unsplash only","",false,true,"Create a photorealistic holiday package HERO image for \"Shimla Manali Tour Package\" — 6-day / 5-night Himachal Pradesh package, India. Scene: scenic highlights of Manali mountains, pine forests, snow peaks. Wide cinematic landscape, premium travel brochure mood. YatraNexus brand: navy #2D235F, orange #D86417. Photorealistic travel photography, no text, no watermark, no logo. Keep left third softer/clear for headline overlay. Technical: 16:9 1920×1080. Save as: public/images/packages/himachal-shimla-manali-tour-package-6d5n-hero.png"
"‍‍‍ Himachal Family Tour Package",Himachal Pradesh,himachal-himachal-family-tour-package-8d7n,"Stock Unsplash only","",false,true,"Create a photorealistic holiday package HERO image for \"‍‍‍ Himachal Family Tour Package\" — 8-day / 7-night Himachal Pradesh package, India. Scene: family-friendly Manali mountains, pine forests, snow peaks, cheerful safe travel. Wide cinematic landscape, premium travel brochure mood. YatraNexus brand: navy #2D235F, orange #D86417. Photorealistic travel photography, no text, no watermark, no logo. Keep left third softer/clear for headline overlay. Technical: 16:9 1920×1080. Save as: public/images/packages/himachal-himachal-family-tour-package-8d7n-hero.png"
"Himachal Honeymoon Package",Himachal Pradesh,himachal-himachal-honeymoon-package-6d5n,"Stock Unsplash only","",false,true,"Create a photorealistic holiday package HERO image for \"Himachal Honeymoon Package\" — 6-day / 5-night Himachal Pradesh package, India. Scene: romantic Manali mountains, pine forests, snow peaks, intimate luxury mood. Wide cinematic landscape, premium travel brochure mood. YatraNexus brand: navy #2D235F, orange #D86417. Photorealistic travel photography, no text, no watermark, no logo. Keep left third softer/clear for headline overlay. Technical: 16:9 1920×1080. Save as: public/images/packages/himachal-himachal-honeymoon-package-6d5n-hero.png"
"Dharamshala – Dalhousie Tour Package",Himachal Pradesh,himachal-dharamshala-dalhousie-tour-package-6d5n,"Stock Unsplash only","",false,true,"Create a photorealistic holiday package HERO image for \"Dharamshala – Dalhousie Tour Package\" — 6-day / 5-night Himachal Pradesh package, India. Scene: scenic highlights of Manali mountains, pine forests, snow peaks. Wide cinematic landscape, premium travel brochure mood. YatraNexus brand: navy #2D235F, orange #D86417. Photorealistic travel photography, no text, no watermark, no logo. Keep left third softer/clear for headline overlay. Technical: 16:9 1920×1080. Save as: public/images/packages/himachal-dharamshala-dalhousie-tour-package-6d5n-hero.png"
"Complete Himachal Tour Package",Himachal Pradesh,himachal-complete-himachal-tour-package-10d9n,"Stock Unsplash only","",false,true,"Create a photorealistic holiday package HERO image for \"Complete Himachal Tour Package\" — 10-day / 9-night Himachal Pradesh package, India. Scene: scenic highlights of Manali mountains, pine forests, snow peaks. Wide cinematic landscape, premium travel brochure mood. YatraNexus brand: navy #2D235F, orange #D86417. Photorealistic travel photography, no text, no watermark, no logo. Keep left third softer/clear for headline overlay. Technical: 16:9 1920×1080. Save as: public/images/packages/himachal-complete-himachal-tour-package-10d9n-hero.png"
"Spiti Valley Circuit Tour",Himachal Pradesh,himachal-spiti-valley-circuit-tour-9d8n,"Stock Unsplash only","",false,true,"Create a photorealistic holiday package HERO image for \"Spiti Valley Circuit Tour\" — 9-day / 8-night Himachal Pradesh package, India. Scene: scenic highlights of Manali mountains, pine forests, snow peaks. Wide cinematic landscape, premium travel brochure mood. YatraNexus brand: navy #2D235F, orange #D86417. Photorealistic travel photography, no text, no watermark, no logo. Keep left third softer/clear for headline overlay. Technical: 16:9 1920×1080. Save as: public/images/packages/himachal-spiti-valley-circuit-tour-9d8n-hero.png"
"Divine Dwarka Somnath Pilgrimage Tour",Gujarat,gujarat-divine-dwarka-somnath-pilgrimage-tour-4d3n,"Stock Unsplash only","",false,true,"Create a photorealistic holiday package HERO image for \"Divine Dwarka Somnath Pilgrimage Tour\" — 4-day / 3-night Gujarat package, India. Scene: spiritual pilgrimage Rann of Kutch white desert, Somnath, Statue of Unity, respectful reverent mood. Wide cinematic landscape, premium travel brochure mood. YatraNexus brand: navy #2D235F, orange #D86417. Photorealistic travel photography, no text, no watermark, no logo. Keep left third softer/clear for headline overlay. Technical: 16:9 1920×1080. Save as: public/images/packages/gujarat-divine-dwarka-somnath-pilgrimage-tour-4d3n-hero.png"
"Dwarka Somnath & Gir Wildlife Tour",Gujarat,gujarat-dwarka-somnath-gir-wildlife-tour-5d4n,"Stock Unsplash only","",false,true,"Create a photorealistic holiday package HERO image for \"Dwarka Somnath & Gir Wildlife Tour\" — 5-day / 4-night Gujarat package, India. Scene: wildlife safari Rann of Kutch white desert, Somnath, Statue of Unity. Wide cinematic landscape, premium travel brochure mood. YatraNexus brand: navy #2D235F, orange #D86417. Photorealistic travel photography, no text, no watermark, no logo. Keep left third softer/clear for headline overlay. Technical: 16:9 1920×1080. Save as: public/images/packages/gujarat-dwarka-somnath-gir-wildlife-tour-5d4n-hero.png"
"Gujarat Coastal Heritage & Diu Beach Escape",Gujarat,gujarat-gujarat-coastal-heritage-diu-beach-escape-6d5n,"Stock Unsplash only","",false,true,"Create a photorealistic holiday package HERO image for \"Gujarat Coastal Heritage & Diu Beach Escape\" — 6-day / 5-night Gujarat package, India. Scene: coastal beaches Rann of Kutch white desert, Somnath, Statue of Unity. Wide cinematic landscape, premium travel brochure mood. YatraNexus brand: navy #2D235F, orange #D86417. Photorealistic travel photography, no text, no watermark, no logo. Keep left third softer/clear for headline overlay. Technical: 16:9 1920×1080. Save as: public/images/packages/gujarat-gujarat-coastal-heritage-diu-beach-escape-6d5n-hero.png"
"White Rann of Kutch Cultural Escape",Gujarat,gujarat-white-rann-of-kutch-cultural-escape-4d3n,"Stock Unsplash only","",false,true,"Create a photorealistic holiday package HERO image for \"White Rann of Kutch Cultural Escape\" — 4-day / 3-night Gujarat package, India. Scene: scenic highlights of Rann of Kutch white desert, Somnath, Statue of Unity. Wide cinematic landscape, premium travel brochure mood. YatraNexus brand: navy #2D235F, orange #D86417. Photorealistic travel photography, no text, no watermark, no logo. Keep left third softer/clear for headline overlay. Technical: 16:9 1920×1080. Save as: public/images/packages/gujarat-white-rann-of-kutch-cultural-escape-4d3n-hero.png"
"Statue of Unity & Kevadia Experience",Gujarat,gujarat-statue-of-unity-kevadia-experience-2d1n,"Stock Unsplash only","",false,true,"Create a photorealistic holiday package HERO image for \"Statue of Unity & Kevadia Experience\" — 2-day / 1-night Gujarat package, India. Scene: scenic highlights of Rann of Kutch white desert, Somnath, Statue of Unity. Wide cinematic landscape, premium travel brochure mood. YatraNexus brand: navy #2D235F, orange #D86417. Photorealistic travel photography, no text, no watermark, no logo. Keep left third softer/clear for headline overlay. Technical: 16:9 1920×1080. Save as: public/images/packages/gujarat-statue-of-unity-kevadia-experience-2d1n-hero.png"
"Complete Gujarat Grand Discovery Tour",Gujarat,gujarat-complete-gujarat-grand-discovery-tour-9d8n,"Stock Unsplash only","",false,true,"Create a photorealistic holiday package HERO image for \"Complete Gujarat Grand Discovery Tour\" — 9-day / 8-night Gujarat package, India. Scene: scenic highlights of Rann of Kutch white desert, Somnath, Statue of Unity. Wide cinematic landscape, premium travel brochure mood. YatraNexus brand: navy #2D235F, orange #D86417. Photorealistic travel photography, no text, no watermark, no logo. Keep left third softer/clear for headline overlay. Technical: 16:9 1920×1080. Save as: public/images/packages/gujarat-complete-gujarat-grand-discovery-tour-9d8n-hero.png"
"Kashi Vishwanath Spiritual Tour",Uttar Pradesh,uttar-pradesh-kashi-vishwanath-spiritual-tour-3d2n,"Stock Unsplash only","",false,true,"Create a photorealistic holiday package HERO image for \"Kashi Vishwanath Spiritual Tour\" — 3-day / 2-night Uttar Pradesh package, India. Scene: scenic highlights of Taj Mahal Agra, Varanasi ghats, spiritual heritage. Wide cinematic landscape, premium travel brochure mood. YatraNexus brand: navy #2D235F, orange #D86417. Photorealistic travel photography, no text, no watermark, no logo. Keep left third softer/clear for headline overlay. Technical: 16:9 1920×1080. Save as: public/images/packages/uttar-pradesh-kashi-vishwanath-spiritual-tour-3d2n-hero.png"
"Ayodhya & Kashi Divine Tour",Uttar Pradesh,uttar-pradesh-ayodhya-kashi-divine-tour-5d4n,"Stock Unsplash only","",false,true,"Create a photorealistic holiday package HERO image for \"Ayodhya & Kashi Divine Tour\" — 5-day / 4-night Uttar Pradesh package, India. Scene: scenic highlights of Taj Mahal Agra, Varanasi ghats, spiritual heritage. Wide cinematic landscape, premium travel brochure mood. YatraNexus brand: navy #2D235F, orange #D86417. Photorealistic travel photography, no text, no watermark, no logo. Keep left third softer/clear for headline overlay. Technical: 16:9 1920×1080. Save as: public/images/packages/uttar-pradesh-ayodhya-kashi-divine-tour-5d4n-hero.png"
"Prayagraj – Varanasi – Ayodhya Tour",Uttar Pradesh,uttar-pradesh-prayagraj-varanasi-ayodhya-tour-6d5n,"Stock Unsplash only","",false,true,"Create a photorealistic holiday package HERO image for \"Prayagraj – Varanasi – Ayodhya Tour\" — 6-day / 5-night Uttar Pradesh package, India. Scene: scenic highlights of Taj Mahal Agra, Varanasi ghats, spiritual heritage. Wide cinematic landscape, premium travel brochure mood. YatraNexus brand: navy #2D235F, orange #D86417. Photorealistic travel photography, no text, no watermark, no logo. Keep left third softer/clear for headline overlay. Technical: 16:9 1920×1080. Save as: public/images/packages/uttar-pradesh-prayagraj-varanasi-ayodhya-tour-6d5n-hero.png"
"Agra – Mathura – Vrindavan Heritage Tour",Uttar Pradesh,uttar-pradesh-agra-mathura-vrindavan-heritage-tour-5d4n,"Stock Unsplash only","",false,true,"Create a photorealistic holiday package HERO image for \"Agra – Mathura – Vrindavan Heritage Tour\" — 5-day / 4-night Uttar Pradesh package, India. Scene: heritage circuit Taj Mahal Agra, Varanasi ghats, spiritual heritage. Wide cinematic landscape, premium travel brochure mood. YatraNexus brand: navy #2D235F, orange #D86417. Photorealistic travel photography, no text, no watermark, no logo. Keep left third softer/clear for headline overlay. Technical: 16:9 1920×1080. Save as: public/images/packages/uttar-pradesh-agra-mathura-vrindavan-heritage-tour-5d4n-hero.png"
"Dudhwa Wildlife & Lucknow Tour",Uttar Pradesh,uttar-pradesh-dudhwa-wildlife-lucknow-tour-5d4n,"Stock Unsplash only","",false,true,"Create a photorealistic holiday package HERO image for \"Dudhwa Wildlife & Lucknow Tour\" — 5-day / 4-night Uttar Pradesh package, India. Scene: wildlife safari Taj Mahal Agra, Varanasi ghats, spiritual heritage. Wide cinematic landscape, premium travel brochure mood. YatraNexus brand: navy #2D235F, orange #D86417. Photorealistic travel photography, no text, no watermark, no logo. Keep left third softer/clear for headline overlay. Technical: 16:9 1920×1080. Save as: public/images/packages/uttar-pradesh-dudhwa-wildlife-lucknow-tour-5d4n-hero.png"
"Complete Uttar Pradesh Grand Tour",Uttar Pradesh,uttar-pradesh-complete-uttar-pradesh-grand-tour-9d8n,"Stock Unsplash only","",false,true,"Create a photorealistic holiday package HERO image for \"Complete Uttar Pradesh Grand Tour\" — 9-day / 8-night Uttar Pradesh package, India. Scene: heritage circuit Taj Mahal Agra, Varanasi ghats, spiritual heritage. Wide cinematic landscape, premium travel brochure mood. YatraNexus brand: navy #2D235F, orange #D86417. Photorealistic travel photography, no text, no watermark, no logo. Keep left third softer/clear for headline overlay. Technical: 16:9 1920×1080. Save as: public/images/packages/uttar-pradesh-complete-uttar-pradesh-grand-tour-9d8n-hero.png"
"South Goa Serenity Escape",Goa,goa-south-goa-serenity-escape-4d3n,"Stock Unsplash only","",false,true,"Create a photorealistic holiday package HERO image for \"South Goa Serenity Escape\" — 4-day / 3-night Goa package, India. Scene: scenic highlights of tropical beaches, palm trees, Portuguese heritage. Wide cinematic landscape, premium travel brochure mood. YatraNexus brand: navy #2D235F, orange #D86417. Photorealistic travel photography, no text, no watermark, no logo. Keep left third softer/clear for headline overlay. Technical: 16:9 1920×1080. Save as: public/images/packages/goa-south-goa-serenity-escape-4d3n-hero.png"
"North Goa Fun & Adventure Tour",Goa,goa-north-goa-fun-adventure-tour-4d3n,"Stock Unsplash only","",false,true,"Create a photorealistic holiday package HERO image for \"North Goa Fun & Adventure Tour\" — 4-day / 3-night Goa package, India. Scene: adventure tropical beaches, palm trees, Portuguese heritage, thrilling outdoor. Wide cinematic landscape, premium travel brochure mood. YatraNexus brand: navy #2D235F, orange #D86417. Photorealistic travel photography, no text, no watermark, no logo. Keep left third softer/clear for headline overlay. Technical: 16:9 1920×1080. Save as: public/images/packages/goa-north-goa-fun-adventure-tour-4d3n-hero.png"
"Complete Goa Explorer Package",Goa,goa-complete-goa-explorer-package-6d5n,"Stock Unsplash only","",false,true,"Create a photorealistic holiday package HERO image for \"Complete Goa Explorer Package\" — 6-day / 5-night Goa package, India. Scene: scenic highlights of tropical beaches, palm trees, Portuguese heritage. Wide cinematic landscape, premium travel brochure mood. YatraNexus brand: navy #2D235F, orange #D86417. Photorealistic travel photography, no text, no watermark, no logo. Keep left third softer/clear for headline overlay. Technical: 16:9 1920×1080. Save as: public/images/packages/goa-complete-goa-explorer-package-6d5n-hero.png"
"Romantic Goa Honeymoon Package",Goa,goa-romantic-goa-honeymoon-package-5d4n,"Stock Unsplash only","",false,true,"Create a photorealistic holiday package HERO image for \"Romantic Goa Honeymoon Package\" — 5-day / 4-night Goa package, India. Scene: romantic tropical beaches, palm trees, Portuguese heritage, intimate luxury mood. Wide cinematic landscape, premium travel brochure mood. YatraNexus brand: navy #2D235F, orange #D86417. Photorealistic travel photography, no text, no watermark, no logo. Keep left third softer/clear for headline overlay. Technical: 16:9 1920×1080. Save as: public/images/packages/goa-romantic-goa-honeymoon-package-5d4n-hero.png"
"‍‍‍ Goa Family Holiday Package",Goa,goa-goa-family-holiday-package-5d4n,"Stock Unsplash only","",false,true,"Create a photorealistic holiday package HERO image for \"‍‍‍ Goa Family Holiday Package\" — 5-day / 4-night Goa package, India. Scene: family-friendly tropical beaches, palm trees, Portuguese heritage, cheerful safe travel. Wide cinematic landscape, premium travel brochure mood. YatraNexus brand: navy #2D235F, orange #D86417. Photorealistic travel photography, no text, no watermark, no logo. Keep left third softer/clear for headline overlay. Technical: 16:9 1920×1080. Save as: public/images/packages/goa-goa-family-holiday-package-5d4n-hero.png"
"Luxury Goa Beach & Resort Escape ⭐ Premium Package",Goa,goa-luxury-goa-beach-resort-escape-premium-package-6d5n,"Stock Unsplash only","",false,true,"Create a photorealistic holiday package HERO image for \"Luxury Goa Beach & Resort Escape ⭐ Premium Package\" — 6-day / 5-night Goa package, India. Scene: coastal beaches tropical beaches, palm trees, Portuguese heritage. Wide cinematic landscape, premium travel brochure mood. YatraNexus brand: navy #2D235F, orange #D86417. Photorealistic travel photography, no text, no watermark, no logo. Keep left third softer/clear for headline overlay. Technical: 16:9 1920×1080. Save as: public/images/packages/goa-luxury-goa-beach-resort-escape-premium-package-6d5n-hero.png"
"Andaman Island Escape",Andaman Islands,andaman-andaman-island-escape-4d3n,"Stock Unsplash only","",false,true,"Create a photorealistic holiday package HERO image for \"Andaman Island Escape\" — 4-day / 3-night Andaman Islands package, India. Scene: scenic highlights of turquoise lagoon, Radhanagar beach, coral islands. Wide cinematic landscape, premium travel brochure mood. YatraNexus brand: navy #2D235F, orange #D86417. Photorealistic travel photography, no text, no watermark, no logo. Keep left third softer/clear for headline overlay. Technical: 16:9 1920×1080. Save as: public/images/packages/andaman-andaman-island-escape-4d3n-hero.png"
"Andaman Honeymoon Special",Andaman Islands,andaman-andaman-honeymoon-special-5d4n,"Stock Unsplash only","",false,true,"Create a photorealistic holiday package HERO image for \"Andaman Honeymoon Special\" — 5-day / 4-night Andaman Islands package, India. Scene: romantic turquoise lagoon, Radhanagar beach, coral islands, intimate luxury mood. Wide cinematic landscape, premium travel brochure mood. YatraNexus brand: navy #2D235F, orange #D86417. Photorealistic travel photography, no text, no watermark, no logo. Keep left third softer/clear for headline overlay. Technical: 16:9 1920×1080. Save as: public/images/packages/andaman-andaman-honeymoon-special-5d4n-hero.png"
"‍‍‍ Andaman Family Vacation",Andaman Islands,andaman-andaman-family-vacation-6d5n,"Stock Unsplash only","",false,true,"Create a photorealistic holiday package HERO image for \"‍‍‍ Andaman Family Vacation\" — 6-day / 5-night Andaman Islands package, India. Scene: family-friendly turquoise lagoon, Radhanagar beach, coral islands, cheerful safe travel. Wide cinematic landscape, premium travel brochure mood. YatraNexus brand: navy #2D235F, orange #D86417. Photorealistic travel photography, no text, no watermark, no logo. Keep left third softer/clear for headline overlay. Technical: 16:9 1920×1080. Save as: public/images/packages/andaman-andaman-family-vacation-6d5n-hero.png"
"Andaman Adventure & Scuba Tour",Andaman Islands,andaman-andaman-adventure-scuba-tour-6d5n,"Stock Unsplash only","",false,true,"Create a photorealistic holiday package HERO image for \"Andaman Adventure & Scuba Tour\" — 6-day / 5-night Andaman Islands package, India. Scene: adventure turquoise lagoon, Radhanagar beach, coral islands, thrilling outdoor. Wide cinematic landscape, premium travel brochure mood. YatraNexus brand: navy #2D235F, orange #D86417. Photorealistic travel photography, no text, no watermark, no logo. Keep left third softer/clear for headline overlay. Technical: 16:9 1920×1080. Save as: public/images/packages/andaman-andaman-adventure-scuba-tour-6d5n-hero.png"
"Havelock & Neil Island Explorer",Andaman Islands,andaman-havelock-neil-island-explorer-5d4n,"Stock Unsplash only","",false,true,"Create a photorealistic holiday package HERO image for \"Havelock & Neil Island Explorer\" — 5-day / 4-night Andaman Islands package, India. Scene: scenic highlights of turquoise lagoon, Radhanagar beach, coral islands. Wide cinematic landscape, premium travel brochure mood. YatraNexus brand: navy #2D235F, orange #D86417. Photorealistic travel photography, no text, no watermark, no logo. Keep left third softer/clear for headline overlay. Technical: 16:9 1920×1080. Save as: public/images/packages/andaman-havelock-neil-island-explorer-5d4n-hero.png"
"Complete Andaman Grand Tour",Andaman Islands,andaman-complete-andaman-grand-tour-7d6n,"Stock Unsplash only","",false,true,"Create a photorealistic holiday package HERO image for \"Complete Andaman Grand Tour\" — 7-day / 6-night Andaman Islands package, India. Scene: heritage circuit turquoise lagoon, Radhanagar beach, coral islands. Wide cinematic landscape, premium travel brochure mood. YatraNexus brand: navy #2D235F, orange #D86417. Photorealistic travel photography, no text, no watermark, no logo. Keep left third softer/clear for headline overlay. Technical: 16:9 1920×1080. Save as: public/images/packages/andaman-complete-andaman-grand-tour-7d6n-hero.png"
"Lakshadweep Island Escape",Lakshadweep,lakshadweep-lakshadweep-island-escape-4d3n,"Stock Unsplash only","",false,true,"Create a photorealistic holiday package HERO image for \"Lakshadweep Island Escape\" — 4-day / 3-night Lakshadweep package, India. Scene: scenic highlights of crystal clear lagoon, coral atoll, tropical island. Wide cinematic landscape, premium travel brochure mood. YatraNexus brand: navy #2D235F, orange #D86417. Photorealistic travel photography, no text, no watermark, no logo. Keep left third softer/clear for headline overlay. Technical: 16:9 1920×1080. Save as: public/images/packages/lakshadweep-lakshadweep-island-escape-4d3n-hero.png"
"Lakshadweep Honeymoon Retreat",Lakshadweep,lakshadweep-lakshadweep-honeymoon-retreat-5d4n,"Stock Unsplash only","",false,true,"Create a photorealistic holiday package HERO image for \"Lakshadweep Honeymoon Retreat\" — 5-day / 4-night Lakshadweep package, India. Scene: romantic crystal clear lagoon, coral atoll, tropical island, intimate luxury mood. Wide cinematic landscape, premium travel brochure mood. YatraNexus brand: navy #2D235F, orange #D86417. Photorealistic travel photography, no text, no watermark, no logo. Keep left third softer/clear for headline overlay. Technical: 16:9 1920×1080. Save as: public/images/packages/lakshadweep-lakshadweep-honeymoon-retreat-5d4n-hero.png"
"‍‍‍ Lakshadweep Family Vacation",Lakshadweep,lakshadweep-lakshadweep-family-vacation-5d4n,"Stock Unsplash only","",false,true,"Create a photorealistic holiday package HERO image for \"‍‍‍ Lakshadweep Family Vacation\" — 5-day / 4-night Lakshadweep package, India. Scene: family-friendly crystal clear lagoon, coral atoll, tropical island, cheerful safe travel. Wide cinematic landscape, premium travel brochure mood. YatraNexus brand: navy #2D235F, orange #D86417. Photorealistic travel photography, no text, no watermark, no logo. Keep left third softer/clear for headline overlay. Technical: 16:9 1920×1080. Save as: public/images/packages/lakshadweep-lakshadweep-family-vacation-5d4n-hero.png"
"Lakshadweep Adventure & Scuba Tour",Lakshadweep,lakshadweep-lakshadweep-adventure-scuba-tour-6d5n,"Stock Unsplash only","",false,true,"Create a photorealistic holiday package HERO image for \"Lakshadweep Adventure & Scuba Tour\" — 6-day / 5-night Lakshadweep package, India. Scene: adventure crystal clear lagoon, coral atoll, tropical island, thrilling outdoor. Wide cinematic landscape, premium travel brochure mood. YatraNexus brand: navy #2D235F, orange #D86417. Photorealistic travel photography, no text, no watermark, no logo. Keep left third softer/clear for headline overlay. Technical: 16:9 1920×1080. Save as: public/images/packages/lakshadweep-lakshadweep-adventure-scuba-tour-6d5n-hero.png"
"Agatti & Bangaram Island Explorer",Lakshadweep,lakshadweep-agatti-bangaram-island-explorer-6d5n,"Stock Unsplash only","",false,true,"Create a photorealistic holiday package HERO image for \"Agatti & Bangaram Island Explorer\" — 6-day / 5-night Lakshadweep package, India. Scene: scenic highlights of crystal clear lagoon, coral atoll, tropical island. Wide cinematic landscape, premium travel brochure mood. YatraNexus brand: navy #2D235F, orange #D86417. Photorealistic travel photography, no text, no watermark, no logo. Keep left third softer/clear for headline overlay. Technical: 16:9 1920×1080. Save as: public/images/packages/lakshadweep-agatti-bangaram-island-explorer-6d5n-hero.png"
"Complete Lakshadweep Grand Tour",Lakshadweep,lakshadweep-complete-lakshadweep-grand-tour-7d6n,"Stock Unsplash only","",false,true,"Create a photorealistic holiday package HERO image for \"Complete Lakshadweep Grand Tour\" — 7-day / 6-night Lakshadweep package, India. Scene: heritage circuit crystal clear lagoon, coral atoll, tropical island. Wide cinematic landscape, premium travel brochure mood. YatraNexus brand: navy #2D235F, orange #D86417. Photorealistic travel photography, no text, no watermark, no logo. Keep left third softer/clear for headline overlay. Technical: 16:9 1920×1080. Save as: public/images/packages/lakshadweep-complete-lakshadweep-grand-tour-7d6n-hero.png"
"Bangalore – Mysore – Coorg Heritage Tour",Karnataka,karnataka-bangalore-mysore-coorg-heritage-tour-5d4n,"Stock Unsplash only","",false,true,"Create a photorealistic holiday package HERO image for \"Bangalore – Mysore – Coorg Heritage Tour\" — 5-day / 4-night Karnataka package, India. Scene: heritage circuit Hampi ruins, Coorg coffee hills, Mysore palace. Wide cinematic landscape, premium travel brochure mood. YatraNexus brand: navy #2D235F, orange #D86417. Photorealistic travel photography, no text, no watermark, no logo. Keep left third softer/clear for headline overlay. Technical: 16:9 1920×1080. Save as: public/images/packages/karnataka-bangalore-mysore-coorg-heritage-tour-5d4n-hero.png"
"Coorg – Chikmagalur Coffee Trail",Karnataka,karnataka-coorg-chikmagalur-coffee-trail-5d4n,"Stock Unsplash only","",false,true,"Create a photorealistic holiday package HERO image for \"Coorg – Chikmagalur Coffee Trail\" — 5-day / 4-night Karnataka package, India. Scene: scenic highlights of Hampi ruins, Coorg coffee hills, Mysore palace. Wide cinematic landscape, premium travel brochure mood. YatraNexus brand: navy #2D235F, orange #D86417. Photorealistic travel photography, no text, no watermark, no logo. Keep left third softer/clear for headline overlay. Technical: 16:9 1920×1080. Save as: public/images/packages/karnataka-coorg-chikmagalur-coffee-trail-5d4n-hero.png"
"Bangalore – Hampi Heritage Expedition",Karnataka,karnataka-bangalore-hampi-heritage-expedition-5d4n,"Stock Unsplash only","",false,true,"Create a photorealistic holiday package HERO image for \"Bangalore – Hampi Heritage Expedition\" — 5-day / 4-night Karnataka package, India. Scene: heritage circuit Hampi ruins, Coorg coffee hills, Mysore palace. Wide cinematic landscape, premium travel brochure mood. YatraNexus brand: navy #2D235F, orange #D86417. Photorealistic travel photography, no text, no watermark, no logo. Keep left third softer/clear for headline overlay. Technical: 16:9 1920×1080. Save as: public/images/packages/karnataka-bangalore-hampi-heritage-expedition-5d4n-hero.png"
"Mysore – Coorg – Kabini Wildlife Tour ⭐ Trending",Karnataka,karnataka-mysore-coorg-kabini-wildlife-tour-trending-6d5n,"Stock Unsplash only","",false,true,"Create a photorealistic holiday package HERO image for \"Mysore – Coorg – Kabini Wildlife Tour ⭐ Trending\" — 6-day / 5-night Karnataka package, India. Scene: wildlife safari Hampi ruins, Coorg coffee hills, Mysore palace. Wide cinematic landscape, premium travel brochure mood. YatraNexus brand: navy #2D235F, orange #D86417. Photorealistic travel photography, no text, no watermark, no logo. Keep left third softer/clear for headline overlay. Technical: 16:9 1920×1080. Save as: public/images/packages/karnataka-mysore-coorg-kabini-wildlife-tour-trending-6d5n-hero.png"
"Coastal Karnataka Escape",Karnataka,karnataka-coastal-karnataka-escape-6d5n,"Stock Unsplash only","",false,true,"Create a photorealistic holiday package HERO image for \"Coastal Karnataka Escape\" — 6-day / 5-night Karnataka package, India. Scene: coastal beaches Hampi ruins, Coorg coffee hills, Mysore palace. Wide cinematic landscape, premium travel brochure mood. YatraNexus brand: navy #2D235F, orange #D86417. Photorealistic travel photography, no text, no watermark, no logo. Keep left third softer/clear for headline overlay. Technical: 16:9 1920×1080. Save as: public/images/packages/karnataka-coastal-karnataka-escape-6d5n-hero.png"
"Grand Karnataka Tour",Karnataka,karnataka-grand-karnataka-tour-8d7n,"Stock Unsplash only","",false,true,"Create a photorealistic holiday package HERO image for \"Grand Karnataka Tour\" — 8-day / 7-night Karnataka package, India. Scene: scenic highlights of Hampi ruins, Coorg coffee hills, Mysore palace. Wide cinematic landscape, premium travel brochure mood. YatraNexus brand: navy #2D235F, orange #D86417. Photorealistic travel photography, no text, no watermark, no logo. Keep left third softer/clear for headline overlay. Technical: 16:9 1920×1080. Save as: public/images/packages/karnataka-grand-karnataka-tour-8d7n-hero.png"
"Mumbai City Tour Package",Maharashtra,maharashtra-mumbai-city-tour-package-3d2n,"Stock Unsplash only","",false,true,"Create a photorealistic holiday package HERO image for \"Mumbai City Tour Package\" — 3-day / 2-night Maharashtra package, India. Scene: scenic highlights of Mumbai gateway, Ajanta Ellora caves, hill stations. Wide cinematic landscape, premium travel brochure mood. YatraNexus brand: navy #2D235F, orange #D86417. Photorealistic travel photography, no text, no watermark, no logo. Keep left third softer/clear for headline overlay. Technical: 16:9 1920×1080. Save as: public/images/packages/maharashtra-mumbai-city-tour-package-3d2n-hero.png"
"Lonavala – Khandala Weekend Tour",Maharashtra,maharashtra-lonavala-khandala-weekend-tour-3d2n,"Stock Unsplash only","",false,true,"Create a photorealistic holiday package HERO image for \"Lonavala – Khandala Weekend Tour\" — 3-day / 2-night Maharashtra package, India. Scene: scenic highlights of Mumbai gateway, Ajanta Ellora caves, hill stations. Wide cinematic landscape, premium travel brochure mood. YatraNexus brand: navy #2D235F, orange #D86417. Photorealistic travel photography, no text, no watermark, no logo. Keep left third softer/clear for headline overlay. Technical: 16:9 1920×1080. Save as: public/images/packages/maharashtra-lonavala-khandala-weekend-tour-3d2n-hero.png"
"Mahabaleshwar – Panchgani Hill Station Tour",Maharashtra,maharashtra-mahabaleshwar-panchgani-hill-station-tour-4d3n,"Stock Unsplash only","",false,true,"Create a photorealistic holiday package HERO image for \"Mahabaleshwar – Panchgani Hill Station Tour\" — 4-day / 3-night Maharashtra package, India. Scene: scenic highlights of Mumbai gateway, Ajanta Ellora caves, hill stations. Wide cinematic landscape, premium travel brochure mood. YatraNexus brand: navy #2D235F, orange #D86417. Photorealistic travel photography, no text, no watermark, no logo. Keep left third softer/clear for headline overlay. Technical: 16:9 1920×1080. Save as: public/images/packages/maharashtra-mahabaleshwar-panchgani-hill-station-tour-4d3n-hero.png"
"Shirdi – Shani Shingnapur Spiritual Tour",Maharashtra,maharashtra-shirdi-shani-shingnapur-spiritual-tour-3d2n,"Stock Unsplash only","",false,true,"Create a photorealistic holiday package HERO image for \"Shirdi – Shani Shingnapur Spiritual Tour\" — 3-day / 2-night Maharashtra package, India. Scene: scenic highlights of Mumbai gateway, Ajanta Ellora caves, hill stations. Wide cinematic landscape, premium travel brochure mood. YatraNexus brand: navy #2D235F, orange #D86417. Photorealistic travel photography, no text, no watermark, no logo. Keep left third softer/clear for headline overlay. Technical: 16:9 1920×1080. Save as: public/images/packages/maharashtra-shirdi-shani-shingnapur-spiritual-tour-3d2n-hero.png"
"Tadoba Wildlife Safari Tour",Maharashtra,maharashtra-tadoba-wildlife-safari-tour-4d3n,"Stock Unsplash only","",false,true,"Create a photorealistic holiday package HERO image for \"Tadoba Wildlife Safari Tour\" — 4-day / 3-night Maharashtra package, India. Scene: wildlife safari Mumbai gateway, Ajanta Ellora caves, hill stations. Wide cinematic landscape, premium travel brochure mood. YatraNexus brand: navy #2D235F, orange #D86417. Photorealistic travel photography, no text, no watermark, no logo. Keep left third softer/clear for headline overlay. Technical: 16:9 1920×1080. Save as: public/images/packages/maharashtra-tadoba-wildlife-safari-tour-4d3n-hero.png"
"Best of Maharashtra Tour",Maharashtra,maharashtra-best-of-maharashtra-tour-9d8n,"Stock Unsplash only","",false,true,"Create a photorealistic holiday package HERO image for \"Best of Maharashtra Tour\" — 9-day / 8-night Maharashtra package, India. Scene: scenic highlights of Mumbai gateway, Ajanta Ellora caves, hill stations. Wide cinematic landscape, premium travel brochure mood. YatraNexus brand: navy #2D235F, orange #D86417. Photorealistic travel photography, no text, no watermark, no logo. Keep left third softer/clear for headline overlay. Technical: 16:9 1920×1080. Save as: public/images/packages/maharashtra-best-of-maharashtra-tour-9d8n-hero.png"
"Matheran Hill Station Tour",Maharashtra,maharashtra-matheran-hill-station-tour-3d2n,"Stock Unsplash only","",false,true,"Create a photorealistic holiday package HERO image for \"Matheran Hill Station Tour\" — 3-day / 2-night Maharashtra package, India. Scene: scenic highlights of Mumbai gateway, Ajanta Ellora caves, hill stations. Wide cinematic landscape, premium travel brochure mood. YatraNexus brand: navy #2D235F, orange #D86417. Photorealistic travel photography, no text, no watermark, no logo. Keep left third softer/clear for headline overlay. Technical: 16:9 1920×1080. Save as: public/images/packages/maharashtra-matheran-hill-station-tour-3d2n-hero.png"
"Jagannath & Kolkata Heritage Tour",West Bengal,west-bengal-jagannath-kolkata-heritage-tour-6d5n,"Stock Unsplash only","",false,true,"Create a photorealistic holiday package HERO image for \"Jagannath & Kolkata Heritage Tour\" — 6-day / 5-night West Bengal package, India. Scene: heritage circuit Darjeeling tea gardens, Sundarbans, Kolkata heritage. Wide cinematic landscape, premium travel brochure mood. YatraNexus brand: navy #2D235F, orange #D86417. Photorealistic travel photography, no text, no watermark, no logo. Keep left third softer/clear for headline overlay. Technical: 16:9 1920×1080. Save as: public/images/packages/west-bengal-jagannath-kolkata-heritage-tour-6d5n-hero.png"
"Odisha & Sundarbans Wildlife Tour",West Bengal,west-bengal-odisha-sundarbans-wildlife-tour-7d6n,"Stock Unsplash only","",false,true,"Create a photorealistic holiday package HERO image for \"Odisha & Sundarbans Wildlife Tour\" — 7-day / 6-night West Bengal package, India. Scene: wildlife safari Darjeeling tea gardens, Sundarbans, Kolkata heritage. Wide cinematic landscape, premium travel brochure mood. YatraNexus brand: navy #2D235F, orange #D86417. Photorealistic travel photography, no text, no watermark, no logo. Keep left third softer/clear for headline overlay. Technical: 16:9 1920×1080. Save as: public/images/packages/west-bengal-odisha-sundarbans-wildlife-tour-7d6n-hero.png"
"Odisha & Darjeeling Explorer ⭐ Premium",West Bengal,west-bengal-odisha-darjeeling-explorer-premium-9d8n,"Stock Unsplash only","",false,true,"Create a photorealistic holiday package HERO image for \"Odisha & Darjeeling Explorer ⭐ Premium\" — 9-day / 8-night West Bengal package, India. Scene: scenic highlights of Darjeeling tea gardens, Sundarbans, Kolkata heritage. Wide cinematic landscape, premium travel brochure mood. YatraNexus brand: navy #2D235F, orange #D86417. Photorealistic travel photography, no text, no watermark, no logo. Keep left third softer/clear for headline overlay. Technical: 16:9 1920×1080. Save as: public/images/packages/west-bengal-odisha-darjeeling-explorer-premium-9d8n-hero.png"
"Golden Triangle of Odisha",Odisha,odisha-golden-triangle-of-odisha-5d4n,"Stock Unsplash only","",false,true,"Create a photorealistic holiday package HERO image for \"Golden Triangle of Odisha\" — 5-day / 4-night Odisha package, India. Scene: scenic highlights of Jagannath Puri, Konark Sun Temple, Chilika lake. Wide cinematic landscape, premium travel brochure mood. YatraNexus brand: navy #2D235F, orange #D86417. Photorealistic travel photography, no text, no watermark, no logo. Keep left third softer/clear for headline overlay. Technical: 16:9 1920×1080. Save as: public/images/packages/odisha-golden-triangle-of-odisha-5d4n-hero.png"
"Jagannath Puri Spiritual Tour",Odisha,odisha-jagannath-puri-spiritual-tour-4d3n,"Stock Unsplash only","",false,true,"Create a photorealistic holiday package HERO image for \"Jagannath Puri Spiritual Tour\" — 4-day / 3-night Odisha package, India. Scene: scenic highlights of Jagannath Puri, Konark Sun Temple, Chilika lake. Wide cinematic landscape, premium travel brochure mood. YatraNexus brand: navy #2D235F, orange #D86417. Photorealistic travel photography, no text, no watermark, no logo. Keep left third softer/clear for headline overlay. Technical: 16:9 1920×1080. Save as: public/images/packages/odisha-jagannath-puri-spiritual-tour-4d3n-hero.png"
"Chilika Lake & Coastal Escape",Odisha,odisha-chilika-lake-coastal-escape-5d4n,"Stock Unsplash only","",false,true,"Create a photorealistic holiday package HERO image for \"Chilika Lake & Coastal Escape\" — 5-day / 4-night Odisha package, India. Scene: coastal beaches Jagannath Puri, Konark Sun Temple, Chilika lake. Wide cinematic landscape, premium travel brochure mood. YatraNexus brand: navy #2D235F, orange #D86417. Photorealistic travel photography, no text, no watermark, no logo. Keep left third softer/clear for headline overlay. Technical: 16:9 1920×1080. Save as: public/images/packages/odisha-chilika-lake-coastal-escape-5d4n-hero.png"
"Bhubaneswar – Puri – Gopalpur Beach Holiday",Odisha,odisha-bhubaneswar-puri-gopalpur-beach-holiday-6d5n,"Stock Unsplash only","",false,true,"Create a photorealistic holiday package HERO image for \"Bhubaneswar – Puri – Gopalpur Beach Holiday\" — 6-day / 5-night Odisha package, India. Scene: coastal beaches Jagannath Puri, Konark Sun Temple, Chilika lake. Wide cinematic landscape, premium travel brochure mood. YatraNexus brand: navy #2D235F, orange #D86417. Photorealistic travel photography, no text, no watermark, no logo. Keep left third softer/clear for headline overlay. Technical: 16:9 1920×1080. Save as: public/images/packages/odisha-bhubaneswar-puri-gopalpur-beach-holiday-6d5n-hero.png"
"Odisha Wildlife & Nature Expedition Trending",Odisha,odisha-odisha-wildlife-nature-expedition-trending-6d5n,"Stock Unsplash only","",false,true,"Create a photorealistic holiday package HERO image for \"Odisha Wildlife & Nature Expedition Trending\" — 6-day / 5-night Odisha package, India. Scene: wildlife safari Jagannath Puri, Konark Sun Temple, Chilika lake. Wide cinematic landscape, premium travel brochure mood. YatraNexus brand: navy #2D235F, orange #D86417. Photorealistic travel photography, no text, no watermark, no logo. Keep left third softer/clear for headline overlay. Technical: 16:9 1920×1080. Save as: public/images/packages/odisha-odisha-wildlife-nature-expedition-trending-6d5n-hero.png"
"Complete Odisha Explorer ⭐ Premium",Odisha,odisha-complete-odisha-explorer-premium-8d7n,"Stock Unsplash only","",false,true,"Create a photorealistic holiday package HERO image for \"Complete Odisha Explorer ⭐ Premium\" — 8-day / 7-night Odisha package, India. Scene: scenic highlights of Jagannath Puri, Konark Sun Temple, Chilika lake. Wide cinematic landscape, premium travel brochure mood. YatraNexus brand: navy #2D235F, orange #D86417. Photorealistic travel photography, no text, no watermark, no logo. Keep left third softer/clear for headline overlay. Technical: 16:9 1920×1080. Save as: public/images/packages/odisha-complete-odisha-explorer-premium-8d7n-hero.png"
"Jaipur Heritage Tour Package",Rajasthan,rajasthan-jaipur-heritage-tour-package-3d2n,"Stock Unsplash only","",false,true,"Create a photorealistic holiday package HERO image for \"Jaipur Heritage Tour Package\" — 3-day / 2-night Rajasthan package, India. Scene: heritage circuit amber forts, desert palaces, royal heritage architecture. Wide cinematic landscape, premium travel brochure mood. YatraNexus brand: navy #2D235F, orange #D86417. Photorealistic travel photography, no text, no watermark, no logo. Keep left third softer/clear for headline overlay. Technical: 16:9 1920×1080. Save as: public/images/packages/rajasthan-jaipur-heritage-tour-package-3d2n-hero.png"
"Jaisalmer Desert Experience Package",Rajasthan,rajasthan-jaisalmer-desert-experience-package-3d2n,"Stock Unsplash only","",false,true,"Create a photorealistic holiday package HERO image for \"Jaisalmer Desert Experience Package\" — 3-day / 2-night Rajasthan package, India. Scene: scenic highlights of amber forts, desert palaces, royal heritage architecture. Wide cinematic landscape, premium travel brochure mood. YatraNexus brand: navy #2D235F, orange #D86417. Photorealistic travel photography, no text, no watermark, no logo. Keep left third softer/clear for headline overlay. Technical: 16:9 1920×1080. Save as: public/images/packages/rajasthan-jaisalmer-desert-experience-package-3d2n-hero.png"
"Udaipur – Nathdwara Weekend Tour",Rajasthan,rajasthan-udaipur-nathdwara-weekend-tour-3d2n,"Stock Unsplash only","",false,true,"Create a photorealistic holiday package HERO image for \"Udaipur – Nathdwara Weekend Tour\" — 3-day / 2-night Rajasthan package, India. Scene: scenic highlights of amber forts, desert palaces, royal heritage architecture. Wide cinematic landscape, premium travel brochure mood. YatraNexus brand: navy #2D235F, orange #D86417. Photorealistic travel photography, no text, no watermark, no logo. Keep left third softer/clear for headline overlay. Technical: 16:9 1920×1080. Save as: public/images/packages/rajasthan-udaipur-nathdwara-weekend-tour-3d2n-hero.png"
"Jodhpur – Jaisalmer Desert Tour",Rajasthan,rajasthan-jodhpur-jaisalmer-desert-tour-6d5n,"Stock Unsplash only","",false,true,"Create a photorealistic holiday package HERO image for \"Jodhpur – Jaisalmer Desert Tour\" — 6-day / 5-night Rajasthan package, India. Scene: scenic highlights of amber forts, desert palaces, royal heritage architecture. Wide cinematic landscape, premium travel brochure mood. YatraNexus brand: navy #2D235F, orange #D86417. Photorealistic travel photography, no text, no watermark, no logo. Keep left third softer/clear for headline overlay. Technical: 16:9 1920×1080. Save as: public/images/packages/rajasthan-jodhpur-jaisalmer-desert-tour-6d5n-hero.png"
"Best of Rajasthan Tour",Rajasthan,rajasthan-best-of-rajasthan-tour-10d9n,"Stock Unsplash only","",false,true,"Create a photorealistic holiday package HERO image for \"Best of Rajasthan Tour\" — 10-day / 9-night Rajasthan package, India. Scene: scenic highlights of amber forts, desert palaces, royal heritage architecture. Wide cinematic landscape, premium travel brochure mood. YatraNexus brand: navy #2D235F, orange #D86417. Photorealistic travel photography, no text, no watermark, no logo. Keep left third softer/clear for headline overlay. Technical: 16:9 1920×1080. Save as: public/images/packages/rajasthan-best-of-rajasthan-tour-10d9n-hero.png"
"Jawai Leopard Safari Escape",Rajasthan,rajasthan-jawai-leopard-safari-escape-3d2n,"Stock Unsplash only","",false,true,"Create a photorealistic holiday package HERO image for \"Jawai Leopard Safari Escape\" — 3-day / 2-night Rajasthan package, India. Scene: wildlife safari amber forts, desert palaces, royal heritage architecture. Wide cinematic landscape, premium travel brochure mood. YatraNexus brand: navy #2D235F, orange #D86417. Photorealistic travel photography, no text, no watermark, no logo. Keep left third softer/clear for headline overlay. Technical: 16:9 1920×1080. Save as: public/images/packages/rajasthan-jawai-leopard-safari-escape-3d2n-hero.png"
"Haridwar – Rishikesh Spiritual Tour",Uttarakhand,uttarakhand-haridwar-rishikesh-spiritual-tour-3d2n,"Stock Unsplash only","",false,true,"Create a photorealistic holiday package HERO image for \"Haridwar – Rishikesh Spiritual Tour\" — 3-day / 2-night Uttarakhand package, India. Scene: scenic highlights of Himalayan spirituality, Rishikesh, hill stations. Wide cinematic landscape, premium travel brochure mood. YatraNexus brand: navy #2D235F, orange #D86417. Photorealistic travel photography, no text, no watermark, no logo. Keep left third softer/clear for headline overlay. Technical: 16:9 1920×1080. Save as: public/images/packages/uttarakhand-haridwar-rishikesh-spiritual-tour-3d2n-hero.png"
"Mussoorie Hill Station Tour",Uttarakhand,uttarakhand-mussoorie-hill-station-tour-3d2n,"Stock Unsplash only","",false,true,"Create a photorealistic holiday package HERO image for \"Mussoorie Hill Station Tour\" — 3-day / 2-night Uttarakhand package, India. Scene: scenic highlights of Himalayan spirituality, Rishikesh, hill stations. Wide cinematic landscape, premium travel brochure mood. YatraNexus brand: navy #2D235F, orange #D86417. Photorealistic travel photography, no text, no watermark, no logo. Keep left third softer/clear for headline overlay. Technical: 16:9 1920×1080. Save as: public/images/packages/uttarakhand-mussoorie-hill-station-tour-3d2n-hero.png"
"Nainital & Jim Corbett Tour",Uttarakhand,uttarakhand-nainital-jim-corbett-tour-5d4n,"Stock Unsplash only","",false,true,"Create a photorealistic holiday package HERO image for \"Nainital & Jim Corbett Tour\" — 5-day / 4-night Uttarakhand package, India. Scene: scenic highlights of Himalayan spirituality, Rishikesh, hill stations. Wide cinematic landscape, premium travel brochure mood. YatraNexus brand: navy #2D235F, orange #D86417. Photorealistic travel photography, no text, no watermark, no logo. Keep left third softer/clear for headline overlay. Technical: 16:9 1920×1080. Save as: public/images/packages/uttarakhand-nainital-jim-corbett-tour-5d4n-hero.png"
"Nainital Honeymoon Package",Uttarakhand,uttarakhand-nainital-honeymoon-package-4d3n,"Stock Unsplash only","",false,true,"Create a photorealistic holiday package HERO image for \"Nainital Honeymoon Package\" — 4-day / 3-night Uttarakhand package, India. Scene: romantic Himalayan spirituality, Rishikesh, hill stations, intimate luxury mood. Wide cinematic landscape, premium travel brochure mood. YatraNexus brand: navy #2D235F, orange #D86417. Photorealistic travel photography, no text, no watermark, no logo. Keep left third softer/clear for headline overlay. Technical: 16:9 1920×1080. Save as: public/images/packages/uttarakhand-nainital-honeymoon-package-4d3n-hero.png"
"Char Dham Yatra Package",Uttarakhand,uttarakhand-char-dham-yatra-package-10d9n,"Stock Unsplash only","",false,true,"Create a photorealistic holiday package HERO image for \"Char Dham Yatra Package\" — 10-day / 9-night Uttarakhand package, India. Scene: scenic highlights of Himalayan spirituality, Rishikesh, hill stations. Wide cinematic landscape, premium travel brochure mood. YatraNexus brand: navy #2D235F, orange #D86417. Photorealistic travel photography, no text, no watermark, no logo. Keep left third softer/clear for headline overlay. Technical: 16:9 1920×1080. Save as: public/images/packages/uttarakhand-char-dham-yatra-package-10d9n-hero.png"
"Complete Uttarakhand Tour Package",Uttarakhand,uttarakhand-complete-uttarakhand-tour-package-9d8n,"Stock Unsplash only","",false,true,"Create a photorealistic holiday package HERO image for \"Complete Uttarakhand Tour Package\" — 9-day / 8-night Uttarakhand package, India. Scene: scenic highlights of Himalayan spirituality, Rishikesh, hill stations. Wide cinematic landscape, premium travel brochure mood. YatraNexus brand: navy #2D235F, orange #D86417. Photorealistic travel photography, no text, no watermark, no logo. Keep left third softer/clear for headline overlay. Technical: 16:9 1920×1080. Save as: public/images/packages/uttarakhand-complete-uttarakhand-tour-package-9d8n-hero.png"
"Darjeeling Himalayan Escape",West Bengal,west-bengal-darjeeling-himalayan-escape-5d4n,"Stock Unsplash only","",false,true,"Create a photorealistic holiday package HERO image for \"Darjeeling Himalayan Escape\" — 5-day / 4-night West Bengal package, India. Scene: scenic highlights of Darjeeling tea gardens, Sundarbans, Kolkata heritage. Wide cinematic landscape, premium travel brochure mood. YatraNexus brand: navy #2D235F, orange #D86417. Photorealistic travel photography, no text, no watermark, no logo. Keep left third softer/clear for headline overlay. Technical: 16:9 1920×1080. Save as: public/images/packages/west-bengal-darjeeling-himalayan-escape-5d4n-hero.png"
"Dooars Wildlife & Tea Garden Tour",West Bengal,west-bengal-dooars-wildlife-tea-garden-tour-6d5n,"Stock Unsplash only","",false,true,"Create a photorealistic holiday package HERO image for \"Dooars Wildlife & Tea Garden Tour\" — 6-day / 5-night West Bengal package, India. Scene: wildlife safari Darjeeling tea gardens, Sundarbans, Kolkata heritage. Wide cinematic landscape, premium travel brochure mood. YatraNexus brand: navy #2D235F, orange #D86417. Photorealistic travel photography, no text, no watermark, no logo. Keep left third softer/clear for headline overlay. Technical: 16:9 1920×1080. Save as: public/images/packages/west-bengal-dooars-wildlife-tea-garden-tour-6d5n-hero.png"
"Kolkata – Digha Coastal Holiday",West Bengal,west-bengal-kolkata-digha-coastal-holiday-5d4n,"Stock Unsplash only","",false,true,"Create a photorealistic holiday package HERO image for \"Kolkata – Digha Coastal Holiday\" — 5-day / 4-night West Bengal package, India. Scene: coastal beaches Darjeeling tea gardens, Sundarbans, Kolkata heritage. Wide cinematic landscape, premium travel brochure mood. YatraNexus brand: navy #2D235F, orange #D86417. Photorealistic travel photography, no text, no watermark, no logo. Keep left third softer/clear for headline overlay. Technical: 16:9 1920×1080. Save as: public/images/packages/west-bengal-kolkata-digha-coastal-holiday-5d4n-hero.png"
"Kolkata – Shantiniketan Cultural Journey",West Bengal,west-bengal-kolkata-shantiniketan-cultural-journey-5d4n,"Stock Unsplash only","",false,true,"Create a photorealistic holiday package HERO image for \"Kolkata – Shantiniketan Cultural Journey\" — 5-day / 4-night West Bengal package, India. Scene: scenic highlights of Darjeeling tea gardens, Sundarbans, Kolkata heritage. Wide cinematic landscape, premium travel brochure mood. YatraNexus brand: navy #2D235F, orange #D86417. Photorealistic travel photography, no text, no watermark, no logo. Keep left third softer/clear for headline overlay. Technical: 16:9 1920×1080. Save as: public/images/packages/west-bengal-kolkata-shantiniketan-cultural-journey-5d4n-hero.png"
"Complete North Bengal Explorer",West Bengal,west-bengal-complete-north-bengal-explorer-8d7n,"Stock Unsplash only","",false,true,"Create a photorealistic holiday package HERO image for \"Complete North Bengal Explorer\" — 8-day / 7-night West Bengal package, India. Scene: scenic highlights of Darjeeling tea gardens, Sundarbans, Kolkata heritage. Wide cinematic landscape, premium travel brochure mood. YatraNexus brand: navy #2D235F, orange #D86417. Photorealistic travel photography, no text, no watermark, no logo. Keep left third softer/clear for headline overlay. Technical: 16:9 1920×1080. Save as: public/images/packages/west-bengal-complete-north-bengal-explorer-8d7n-hero.png"
"⭐ Grand West Bengal Explorer (Premium)",West Bengal,west-bengal-grand-west-bengal-explorer-premium-10d9n,"Stock Unsplash only","",false,true,"Create a photorealistic holiday package HERO image for \"⭐ Grand West Bengal Explorer (Premium)\" — 10-day / 9-night West Bengal package, India. Scene: scenic highlights of Darjeeling tea gardens, Sundarbans, Kolkata heritage. Wide cinematic landscape, premium travel brochure mood. YatraNexus brand: navy #2D235F, orange #D86417. Photorealistic travel photography, no text, no watermark, no logo. Keep left third softer/clear for headline overlay. Technical: 16:9 1920×1080. Save as: public/images/packages/west-bengal-grand-west-bengal-explorer-premium-10d9n-hero.png"